timestamp,entity_id,volume,frequency
2026-09-04T15:06:40.758755,sensor/Current frequency,0.0,414.6669
2026-09-04T15:06:41.121655,sensor/Current frequency,0.0,352.927
2026-09-04T15:06:41.170255,sensor/Current frequency,0.0,482.4532
2026-09-04T15:06:41.228577,sensor/Current frequency,0.0,191.2028
2026-09-04T15:06:41.276082,sensor/Current frequency,0.007412,3517.63
2026-09-04T15:06:41.331276,sensor/Current frequency,0.010163,3509.042
2026-09-04T15:06:41.380456,sensor/Current frequency,0.011608,3511.96
2026-09-04T15:06:41.435433,sensor/Current frequency,0.013893,3510.938
2026-09-04T15:06:41.493535,sensor/Current frequency,0.015957,3510.068
2026-09-04T15:06:41.539411,sensor/Current frequency,0.01705,3509.948
2026-09-04T15:06:41.597566,sensor/Current frequency,0.01851,3510.715
2026-09-04T15:06:41.647250,sensor/Current frequency,0.019109,3509.22
2026-09-04T15:06:41.703115,sensor/Current frequency,0.020462,3508.987
2026-09-04T15:06:41.756154,sensor/Current frequency,0.026832,1635.651
2026-09-04T15:06:41.812067,sensor/Current frequency,0.029806,3509.511
2026-09-04T15:06:41.858517,sensor/Current frequency,0.030047,3510.754
2026-09-04T15:06:41.915562,sensor/Current frequency,0.030058,3509.505
2026-09-04T15:06:41.974524,sensor/Current frequency,0.030277,3509.765
2026-09-04T15:06:42.019787,sensor/Current frequency,0.030376,3510.817
2026-09-04T15:06:42.079450,sensor/Current frequency,0.030168,3509.895
2026-09-04T15:06:42.126126,sensor/Current frequency,0.030126,3510.663
2026-09-04T15:06:42.184059,sensor/Current frequency,0.030133,3510.789
2026-09-04T15:06:42.233534,sensor/Current frequency,0.030292,3509.473
2026-09-04T15:06:42.286791,sensor/Current frequency,0.030491,3511.234
2026-09-04T15:06:42.343255,sensor/Current frequency,0.031093,3503.261
2026-09-04T15:06:42.394541,sensor/Current frequency,0.0,332.2104
2026-09-04T15:06:42.460050,sensor/Current frequency,0.0,218.1968
2026-09-04T15:06:42.498233,sensor/Current frequency,0.0,372.178
2026-09-04T15:06:42.562006,sensor/Current frequency,0.0,512.8037
2026-09-04T15:06:42.604234,sensor/Current frequency,0.0,598.0854
2026-09-04T15:06:42.663969,sensor/Current frequency,0.0,125.6699
2026-09-04T15:06:42.710826,sensor/Current frequency,0.0,240.8329
2026-09-04T15:06:42.764993,sensor/Current frequency,0.0,374.17
2026-09-04T15:06:42.818582,sensor/Current frequency,0.0,561.5069
2026-09-04T15:06:42.870595,sensor/Current frequency,0.0,673.9501
2026-09-04T15:06:42.934092,sensor/Current frequency,0.0,510.2781
2026-09-04T15:06:42.979865,sensor/Current frequency,0.0,523.8241
2026-09-04T15:06:43.037448,sensor/Current frequency,0.0,371.2499
2026-09-04T15:06:43.082790,sensor/Current frequency,0.0,589.5671
2026-09-04T15:06:43.142833,sensor/Current frequency,0.0,564.15
2026-09-04T15:06:43.190780,sensor/Current frequency,0.0,687.7866
2026-09-04T15:06:43.271031,sensor/Current frequency,0.029284,2119.927
2026-09-04T15:06:43.295455,sensor/Current frequency,0.030255,3512.051
2026-09-04T15:06:43.351138,sensor/Current frequency,0.030303,3510.541
2026-09-04T15:06:43.413586,sensor/Current frequency,0.030452,3510.644
2026-09-04T15:06:43.455296,sensor/Current frequency,0.030234,3510.7
2026-09-04T15:06:43.515139,sensor/Current frequency,0.030234,3510.114
2026-09-04T15:06:43.562077,sensor/Current frequency,0.030134,3509.918
2026-09-04T15:06:43.617566,sensor/Current frequency,0.030192,3509.301
2026-09-04T15:06:43.730313,sensor/Current frequency,0.030144,3511.251
2026-09-04T15:06:43.730546,sensor/Current frequency,0.030256,3510.451
2026-09-04T15:06:43.791286,sensor/Current frequency,0.030355,3510.934
2026-09-04T15:06:43.848002,sensor/Current frequency,0.030685,3510.338
2026-09-04T15:06:43.922013,sensor/Current frequency,0.030763,3510.376
2026-09-04T15:06:43.959344,sensor/Current frequency,0.030717,3510.399
2026-09-04T15:06:44.002856,sensor/Current frequency,0.030644,3510.967
2026-09-04T15:06:44.061298,sensor/Current frequency,0.030751,3509.893
2026-09-04T15:06:44.108774,sensor/Current frequency,0.030706,3509.9
2026-09-04T15:06:44.166004,sensor/Current frequency,0.030733,3510.683
2026-09-04T15:06:44.214353,sensor/Current frequency,0.030834,3510.357
2026-09-04T15:06:44.268674,sensor/Current frequency,0.030953,3511.233
2026-09-04T15:06:44.343255,sensor/Current frequency,0.031928,3534.91
2026-09-04T15:06:44.415808,sensor/Current frequency,0.032125,482.5171
2026-09-04T15:06:44.466198,sensor/Current frequency,0.031843,260.2094
2026-09-04T15:06:44.602348,sensor/Current frequency,0.0,277.5987
2026-09-04T15:06:44.602719,sensor/Current frequency,0.0,380.8149
2026-09-04T15:06:44.603249,sensor/Current frequency,0.0,302.0801
2026-09-04T15:06:44.642494,sensor/Current frequency,0.0,307.6633
2026-09-04T15:06:44.704466,sensor/Current frequency,0.0,291.0445
2026-09-04T15:06:44.747611,sensor/Current frequency,0.0,161.2469
2026-09-04T15:06:44.806820,sensor/Current frequency,0.0,98.66282
2026-09-04T15:06:44.853770,sensor/Current frequency,0.0,76.69789
2026-09-04T15:06:44.915414,sensor/Current frequency,0.0,220.2746
2026-09-04T15:06:44.961477,sensor/Current frequency,0.0,893.9743
2026-09-04T15:06:45.019300,sensor/Current frequency,0.0,389.5063
2026-09-04T15:06:45.065609,sensor/Current frequency,0.0,226.817
2026-09-04T15:06:45.119032,sensor/Current frequency,0.0,217.3768
2026-09-04T15:06:45.181224,sensor/Current frequency,0.0,145.9643
2026-09-04T15:06:45.225285,sensor/Current frequency,0.0,258.494
2026-09-04T15:06:45.284716,sensor/Current frequency,0.0,262.5265
2026-09-04T15:06:45.334335,sensor/Current frequency,0.008959,3509.821
2026-09-04T15:06:45.389528,sensor/Current frequency,0.012836,3510.74
2026-09-04T15:06:45.438079,sensor/Current frequency,0.01433,3510.949
2026-09-04T15:06:45.502815,sensor/Current frequency,0.016208,3510.295
2026-09-04T15:06:45.545230,sensor/Current frequency,0.017362,3510.688
2026-09-04T15:06:45.597847,sensor/Current frequency,0.018847,3510.269
2026-09-04T15:06:45.658641,sensor/Current frequency,0.019654,3510.745
2026-09-04T15:06:45.706809,sensor/Current frequency,0.021222,3508.937
2026-09-04T15:06:45.765055,sensor/Current frequency,0.021763,3511.271
2026-09-04T15:06:45.810212,sensor/Current frequency,0.023061,3510.939
2026-09-04T15:06:45.869391,sensor/Current frequency,0.024412,3510.922
2026-09-04T15:06:45.918516,sensor/Current frequency,0.024921,3510.17
2026-09-04T15:06:45.970284,sensor/Current frequency,0.025667,3510.999
2026-09-04T15:06:46.031890,sensor/Current frequency,0.02615,3509.856
2026-09-04T15:06:46.078360,sensor/Current frequency,0.026966,3510.428
2026-09-04T15:06:46.138001,sensor/Current frequency,0.027252,3511.101
2026-09-04T15:06:46.183557,sensor/Current frequency,0.027827,3511.043
2026-09-04T15:06:46.241980,sensor/Current frequency,0.02839,3510.887
2026-09-04T15:06:46.289423,sensor/Current frequency,0.028646,3510.898
2026-09-04T15:06:46.344339,sensor/Current frequency,0.029439,318.3603
2026-09-04T15:06:46.396083,sensor/Current frequency,0.0,265.6988
2026-09-04T15:06:46.451430,sensor/Current frequency,0.0,97.90967
2026-09-04T15:06:46.512346,sensor/Current frequency,0.0,85.31923
2026-09-04T15:06:46.556188,sensor/Current frequency,0.0,97.2795
2026-09-04T15:06:46.616912,sensor/Current frequency,0.0,216.064
2026-09-04T15:06:46.666900,sensor/Current frequency,0.0,110.5151
2026-09-04T15:06:46.723299,sensor/Current frequency,0.0,350.0645
2026-09-04T15:06:46.769345,sensor/Current frequency,0.012228,980.2863
2026-09-04T15:06:46.824592,sensor/Current frequency,0.014545,299.1781
2026-09-04T15:06:46.876727,sensor/Current frequency,0.014705,250.1995
2026-09-04T15:06:46.932861,sensor/Current frequency,0.0,167.6699
2026-09-04T15:06:46.990399,sensor/Current frequency,0.0,195.3386
2026-09-04T15:06:47.036243,sensor/Current frequency,0.0,272.7756
2026-09-04T15:06:47.095871,sensor/Current frequency,0.0,91.81155
2026-09-04T15:06:47.144703,sensor/Current frequency,0.0,259.5348
2026-09-04T15:06:47.197881,sensor/Current frequency,0.0,158.7502
2026-09-04T15:06:47.249284,sensor/Current frequency,0.011254,3757.807
2026-09-04T15:06:47.304252,sensor/Current frequency,0.012769,3510.217
2026-09-04T15:06:47.366868,sensor/Current frequency,0.015768,3509.336
2026-09-04T15:06:47.409218,sensor/Current frequency,0.016972,3510.589
2026-09-04T15:06:47.474255,sensor/Current frequency,0.019008,3509.147
2026-09-04T15:06:47.517611,sensor/Current frequency,0.019877,3509.744
2026-09-04T15:06:47.573351,sensor/Current frequency,0.021812,3510.41
2026-09-04T15:06:47.624451,sensor/Current frequency,0.022967,3510.661
2026-09-04T15:06:47.681669,sensor/Current frequency,0.023645,3509.983
2026-09-04T15:06:47.734194,sensor/Current frequency,0.024978,3511.352
2026-09-04T15:06:47.785157,sensor/Current frequency,0.025688,3510.93
2026-09-04T15:06:47.841924,sensor/Current frequency,0.026731,3509.505
2026-09-04T15:06:47.890090,sensor/Current frequency,0.027369,3509.696
2026-09-04T15:06:47.948873,sensor/Current frequency,0.027687,3510.298
2026-09-04T15:06:47.996682,sensor/Current frequency,0.028739,3509.974
2026-09-04T15:06:48.051685,sensor/Current frequency,0.029238,3510.527
2026-09-04T15:06:48.117413,sensor/Current frequency,0.030185,3510.554
2026-09-04T15:06:48.159755,sensor/Current frequency,0.03151,3504.456
2026-09-04T15:06:48.217001,sensor/Current frequency,0.03169,3511.552
2026-09-04T15:06:48.265548,sensor/Current frequency,0.031971,3511.251
2026-09-04T15:06:48.325596,sensor/Current frequency,0.032079,3510.225
2026-09-04T15:06:48.369861,sensor/Current frequency,0.0,59.94799
2026-09-04T15:06:48.427779,sensor/Current frequency,0.0,282.9603
2026-09-04T15:06:48.475122,sensor/Current frequency,0.0,112.1215
2026-09-04T15:06:48.531704,sensor/Current frequency,0.0,221.2994
2026-09-04T15:06:48.590519,sensor/Current frequency,0.0,295.2464
2026-09-04T15:06:48.635361,sensor/Current frequency,0.0,214.1131
2026-09-04T15:06:48.698296,sensor/Current frequency,0.0,671.1841
2026-09-04T15:06:48.743240,sensor/Current frequency,0.0,205.7135
2026-09-04T15:06:48.801775,sensor/Current frequency,0.0,356.0823
2026-09-04T15:06:48.846145,sensor/Current frequency,0.0,234.1429
2026-09-04T15:06:48.904505,sensor/Current frequency,0.0,195.2532
2026-09-04T15:06:48.954185,sensor/Current frequency,0.0,298.0589
2026-09-04T15:06:49.011903,sensor/Current frequency,0.0,335.0763
2026-09-04T15:06:49.061328,sensor/Current frequency,0.006299,351.5609
2026-09-04T15:06:49.116759,sensor/Current frequency,0.008964,287.9358
2026-09-04T15:06:49.171305,sensor/Current frequency,0.0,312.1121
2026-09-04T15:06:49.221637,sensor/Current frequency,0.0,213.9772
2026-09-04T15:06:49.276375,sensor/Current frequency,0.007203,3511.415
2026-09-04T15:06:49.326045,sensor/Current frequency,0.010058,3511.059
2026-09-04T15:06:49.387378,sensor/Current frequency,0.014602,3509.442
2026-09-04T15:06:49.435417,sensor/Current frequency,0.016236,3510.248
2026-09-04T15:06:49.486302,sensor/Current frequency,0.018574,3509.032
2026-09-04T15:06:49.550590,sensor/Current frequency,0.020382,3510.421
2026-09-04T15:06:49.596162,sensor/Current frequency,0.020987,3510.763
2026-09-04T15:06:49.658606,sensor/Current frequency,0.022392,3509.603
2026-09-04T15:06:49.703517,sensor/Current frequency,0.023115,3511.682
2026-09-04T15:06:49.757572,sensor/Current frequency,0.024579,3511.249
2026-09-04T15:06:49.817930,sensor/Current frequency,0.02531,3511.109
2026-09-04T15:06:49.867132,sensor/Current frequency,0.025877,3509.877
2026-09-04T15:06:49.926928,sensor/Current frequency,0.026904,3510.083
2026-09-04T15:06:49.969071,sensor/Current frequency,0.02725,3510.169
2026-09-04T15:06:50.030684,sensor/Current frequency,0.027986,3509.821
2026-09-04T15:06:50.076479,sensor/Current frequency,0.028158,3510.27
2026-09-04T15:06:50.131701,sensor/Current frequency,0.028892,3510.074
2026-09-04T15:06:50.203884,sensor/Current frequency,0.029634,3510.309
2026-09-04T15:06:50.242285,sensor/Current frequency,0.030074,3510.768
2026-09-04T15:06:50.288400,sensor/Current frequency,0.030915,3510.077
2026-09-04T15:06:50.343576,sensor/Current frequency,0.0,354.8309
2026-09-04T15:06:50.399660,sensor/Current frequency,0.0,307.5876
2026-09-04T15:06:50.449958,sensor/Current frequency,0.0,291.9006
2026-09-04T15:06:50.500691,sensor/Current frequency,0.0,353.719
2026-09-04T15:06:50.555603,sensor/Current frequency,0.0,264.6784
2026-09-04T15:06:50.612568,sensor/Current frequency,0.0,313.6845
2026-09-04T15:06:50.659330,sensor/Current frequency,0.0,278.9752
2026-09-04T15:06:50.716620,sensor/Current frequency,0.0,712.6452
2026-09-04T15:06:50.764371,sensor/Current frequency,0.0,227.0941
2026-09-04T15:06:50.819624,sensor/Current frequency,0.0,365.8398
2026-09-04T15:06:50.882763,sensor/Current frequency,0.0,111.9303
2026-09-04T15:06:50.927219,sensor/Current frequency,0.0,283.5629
2026-09-04T15:06:50.984509,sensor/Current frequency,0.0,401.6046
2026-09-04T15:06:51.030382,sensor/Current frequency,0.0,137.018
2026-09-04T15:06:51.090608,sensor/Current frequency,0.0,369.1097
2026-09-04T15:06:51.137643,sensor/Current frequency,0.0,351.1984
2026-09-04T15:06:51.190011,sensor/Current frequency,0.0,227.0531
2026-09-04T15:06:51.243860,sensor/Current frequency,0.0,312.454
2026-09-04T15:06:51.295828,sensor/Current frequency,0.01331,3511.771
2026-09-04T15:06:51.356503,sensor/Current frequency,0.015244,3510.798
2026-09-04T15:06:51.402790,sensor/Current frequency,0.018365,3509.202
2026-09-04T15:06:51.464924,sensor/Current frequency,0.019531,3510.583
2026-09-04T15:06:51.507357,sensor/Current frequency,0.021457,3511.115
2026-09-04T15:06:51.566898,sensor/Current frequency,0.023255,3509.527
2026-09-04T15:06:51.615544,sensor/Current frequency,0.024165,3510.6
2026-09-04T15:06:51.673643,sensor/Current frequency,0.025302,3509.807
2026-09-04T15:06:51.721526,sensor/Current frequency,0.025929,3510.402
2026-09-04T15:06:51.778199,sensor/Current frequency,0.027109,3510.657
2026-09-04T15:06:51.831182,sensor/Current frequency,0.027664,3511.005
2026-09-04T15:06:51.881282,sensor/Current frequency,0.028871,3510.205
2026-09-04T15:06:51.935136,sensor/Current frequency,0.029764,3509.985
2026-09-04T15:06:51.986321,sensor/Current frequency,0.030044,3510.479
2026-09-04T15:06:52.039080,sensor/Current frequency,0.030556,3509.771
2026-09-04T15:06:52.091385,sensor/Current frequency,0.03079,3509.88
2026-09-04T15:06:52.148505,sensor/Current frequency,0.031265,3511.337
2026-09-04T15:06:52.196265,sensor/Current frequency,0.032066,3510.125
2026-09-04T15:06:52.252999,sensor/Current frequency,0.03231,3510.937
2026-09-04T15:06:52.314886,sensor/Current frequency,0.033269,3541.801
2026-09-04T15:06:52.359373,sensor/Current frequency,0.033989,219.4497
2026-09-04T15:06:52.415787,sensor/Current frequency,0.0,206.2503
2026-09-04T15:06:52.462695,sensor/Current frequency,0.0,207.8113
2026-09-04T15:06:52.526426,sensor/Current frequency,0.0,506.1171
2026-09-04T15:06:52.569476,sensor/Current frequency,0.0,216.6023
2026-09-04T15:06:52.629029,sensor/Current frequency,0.0,241.441
2026-09-04T15:06:52.683206,sensor/Current frequency,0.0,228.3678
2026-09-04T15:06:52.732418,sensor/Current frequency,0.0,206.2335
2026-09-04T15:06:52.787472,sensor/Current frequency,0.008378,3836.996
2026-09-04T15:06:52.836313,sensor/Current frequency,0.010677,214.3966
2026-09-04T15:06:52.898271,sensor/Current frequency,0.0,210.3852
2026-09-04T15:06:52.946760,sensor/Current frequency,0.0,226.5535
2026-09-04T15:06:52.998823,sensor/Current frequency,0.0,191.232
2026-09-04T15:06:53.050835,sensor/Current frequency,0.0,277.7794
2026-09-04T15:06:53.104367,sensor/Current frequency,0.0,247.3198
2026-09-04T15:06:53.153473,sensor/Current frequency,0.0,239.3727
2026-09-04T15:06:53.206897,sensor/Current frequency,0.0,229.9202
2026-09-04T15:06:53.266393,sensor/Current frequency,0.009568,3730.951
2026-09-04T15:06:53.313639,sensor/Current frequency,0.014514,3510.654
2026-09-04T15:06:53.368048,sensor/Current frequency,0.016065,3509.887
2026-09-04T15:06:53.422373,sensor/Current frequency,0.019238,3510.618
2026-09-04T15:06:53.473404,sensor/Current frequency,0.020759,3510.17
2026-09-04T15:06:53.543314,sensor/Current frequency,0.02286,3511.24
2026-09-04T15:06:53.581646,sensor/Current frequency,0.023869,3510.445
2026-09-04T15:06:53.640793,sensor/Current frequency,0.025402,3510.838
2026-09-04T15:06:53.689107,sensor/Current frequency,0.02654,3509.563
2026-09-04T15:06:53.747625,sensor/Current frequency,0.027135,3510.677
2026-09-04T15:06:53.794332,sensor/Current frequency,0.045668,3510.641
2026-09-04T15:06:53.852882,sensor/Current frequency,0.045461,3511.614
2026-09-04T15:06:53.899228,sensor/Current frequency,0.044777,3510.757
2026-09-04T15:06:53.955278,sensor/Current frequency,0.044475,3510.54
2026-09-04T15:06:54.015460,sensor/Current frequency,0.043841,3509.813
2026-09-04T15:06:54.059211,sensor/Current frequency,0.043366,3509.885
2026-09-04T15:06:54.118110,sensor/Current frequency,0.043161,3510.801
2026-09-04T15:06:54.166959,sensor/Current frequency,0.04274,3510.648
2026-09-04T15:06:54.227784,sensor/Current frequency,0.042635,3510.459
2026-09-04T15:06:54.272015,sensor/Current frequency,0.042408,3510.388
2026-09-04T15:06:54.325601,sensor/Current frequency,0.042591,3504.398
2026-09-04T15:06:54.377931,sensor/Current frequency,0.041915,76.40935
2026-09-04T15:06:54.433831,sensor/Current frequency,0.042962,198.2267
2026-09-04T15:06:54.484848,sensor/Current frequency,0.042345,182.2592
2026-09-04T15:06:54.540708,sensor/Current frequency,0.040996,342.4887
2026-09-04T15:06:54.595876,sensor/Current frequency,0.039665,167.7782
2026-09-04T15:06:54.646204,sensor/Current frequency,0.039092,240.8888
2026-09-04T15:06:54.701037,sensor/Current frequency,0.03785,170.7508
2026-09-04T15:06:54.753835,sensor/Current frequency,0.037262,200.7856
2026-09-04T15:06:54.812526,sensor/Current frequency,0.0,221.4474
2026-09-04T15:06:54.868602,sensor/Current frequency,0.0,305.0237
2026-09-04T15:06:54.913336,sensor/Current frequency,0.0,198.5036
2026-09-04T15:06:54.980905,sensor/Current frequency,0.0,194.6292
2026-09-04T15:06:55.021412,sensor/Current frequency,0.0,194.436
2026-09-04T15:06:55.078277,sensor/Current frequency,0.0,380.6404
2026-09-04T15:06:55.124636,sensor/Current frequency,0.0,197.278
2026-09-04T15:06:55.182576,sensor/Current frequency,0.0,203.0146
2026-09-04T15:06:55.229263,sensor/Current frequency,0.0,176.2852
2026-09-04T15:06:55.285486,sensor/Current frequency,0.01253,3511.412
2026-09-04T15:06:55.346826,sensor/Current frequency,0.014707,3510.127
2026-09-04T15:06:55.395898,sensor/Current frequency,0.018139,3509.977
2026-09-04T15:06:55.449858,sensor/Current frequency,0.01972,3510.157
2026-09-04T15:06:55.505345,sensor/Current frequency,0.022426,3509.685
2026-09-04T15:06:55.553968,sensor/Current frequency,0.024434,3510.268
2026-09-04T15:06:55.602731,sensor/Current frequency,0.025427,3510.541
2026-09-04T15:06:55.657013,sensor/Current frequency,0.027004,3509.898
2026-09-04T15:06:55.706288,sensor/Current frequency,0.027732,3511.371
2026-09-04T15:06:55.765110,sensor/Current frequency,0.029332,3509.801
2026-09-04T15:06:55.821060,sensor/Current frequency,0.030513,3510.36
2026-09-04T15:06:55.866149,sensor/Current frequency,0.031095,3510.765
2026-09-04T15:06:55.926960,sensor/Current frequency,0.032102,3509.906
2026-09-04T15:06:55.975977,sensor/Current frequency,0.032626,3510.879
2026-09-04T15:06:56.033776,sensor/Current frequency,0.033662,3509.653
2026-09-04T15:06:56.082317,sensor/Current frequency,0.034526,3510.902
2026-09-04T15:06:56.137383,sensor/Current frequency,0.034942,3510.798
2026-09-04T15:06:56.188722,sensor/Current frequency,0.035659,3510.645
2026-09-04T15:06:56.245870,sensor/Current frequency,0.036007,3510.122
2026-09-04T15:06:56.307250,sensor/Current frequency,0.036563,3511.254
2026-09-04T15:06:56.346886,sensor/Current frequency,0.036899,180.1903
2026-09-04T15:06:56.409512,sensor/Current frequency,0.0,259.5592
2026-09-04T15:06:56.451943,sensor/Current frequency,0.0,276.6998
2026-09-04T15:06:56.521517,sensor/Current frequency,0.0,540.5871
2026-09-04T15:06:56.560349,sensor/Current frequency,0.0,183.8156
2026-09-04T15:06:56.613219,sensor/Current frequency,0.0,355.7501
2026-09-04T15:06:56.798593,sensor/Current frequency,0.0,405.5964
2026-09-04T15:06:56.799135,sensor/Current frequency,0.0,197.7469
2026-09-04T15:06:56.799906,sensor/Current frequency,0.0,312.2706
2026-09-04T15:06:56.835770,sensor/Current frequency,0.0,87.93905
2026-09-04T15:06:56.890143,sensor/Current frequency,0.0,97.05976
2026-09-04T15:06:56.944453,sensor/Current frequency,0.0,357.7682
2026-09-04T15:06:57.000733,sensor/Current frequency,0.0,83.06615
2026-09-04T15:06:57.058642,sensor/Current frequency,0.0,80.55376
2026-09-04T15:06:57.101961,sensor/Current frequency,0.0,2663.01
2026-09-04T15:06:57.164384,sensor/Current frequency,0.009293,294.3348
2026-09-04T15:06:57.209066,sensor/Current frequency,0.012214,233.2757
2026-09-04T15:06:57.261827,sensor/Current frequency,0.014871,351.1797
2026-09-04T15:06:57.324854,sensor/Current frequency,0.015804,289.1763
2026-09-04T15:06:57.373616,sensor/Current frequency,0.017739,75.80682
2026-09-04T15:06:57.429031,sensor/Current frequency,0.019773,73.75828
2026-09-04T15:06:57.481869,sensor/Current frequency,0.020574,71.43665
2026-09-04T15:06:57.536657,sensor/Current frequency,0.021433,75.87836
2026-09-04T15:06:57.580463,sensor/Current frequency,0.021889,271.8298
2026-09-04T15:06:57.635918,sensor/Current frequency,0.023532,72.39894
2026-09-04T15:06:57.687115,sensor/Current frequency,0.023977,198.9184
2026-09-04T15:06:57.739722,sensor/Current frequency,0.024049,1699.234
2026-09-04T15:06:57.800379,sensor/Current frequency,0.023987,1845.267
2026-09-04T15:06:57.852852,sensor/Current frequency,0.024023,249.6842
2026-09-04T15:06:57.906645,sensor/Current frequency,0.024273,76.11243
2026-09-04T15:06:57.954791,sensor/Current frequency,0.024358,82.1142
2026-09-04T15:06:58.010546,sensor/Current frequency,0.024517,121.2735
2026-09-04T15:06:58.057485,sensor/Current frequency,0.025019,209.0319
2026-09-04T15:06:58.114022,sensor/Current frequency,0.025306,75.08344
2026-09-04T15:06:58.163187,sensor/Current frequency,0.025303,71.96516
2026-09-04T15:06:58.217299,sensor/Current frequency,0.025273,214.0639
2026-09-04T15:06:58.377755,sensor/Current frequency,0.025972,65.19818
2026-09-04T15:06:58.378013,sensor/Current frequency,0.02647,63.67651
2026-09-04T15:06:58.391020,sensor/Current frequency,0.026442,62.89099
2026-09-04T15:06:58.437130,sensor/Current frequency,0.027281,69.35648
2026-09-04T15:06:58.505627,sensor/Current frequency,0.027824,70.27515
2026-09-04T15:06:58.530353,sensor/Current frequency,0.028593,73.39948
2026-09-04T15:06:58.586959,sensor/Current frequency,0.02889,71.79548
2026-09-04T15:06:58.638801,sensor/Current frequency,0.029436,72.75578
2026-09-04T15:06:58.696696,sensor/Current frequency,0.030268,69.86753
2026-09-04T15:06:58.744188,sensor/Current frequency,0.030568,67.72518
2026-09-04T15:06:58.798416,sensor/Current frequency,0.031262,72.18832
2026-09-04T15:06:58.848960,sensor/Current frequency,0.031456,71.29068
2026-09-04T15:06:58.910406,sensor/Current frequency,0.032089,69.42248
2026-09-04T15:06:58.965287,sensor/Current frequency,0.032239,69.24397
2026-09-04T15:06:59.012357,sensor/Current frequency,0.03252,76.42139
2026-09-04T15:06:59.068362,sensor/Current frequency,0.032757,67.86795
2026-09-04T15:06:59.117144,sensor/Current frequency,0.0331,65.55518
2026-09-04T15:06:59.175924,sensor/Current frequency,0.033508,68.79122
2026-09-04T15:06:59.234230,sensor/Current frequency,0.033818,68.18098
2026-09-04T15:06:59.282602,sensor/Current frequency,0.034009,73.59101
2026-09-04T15:06:59.339521,sensor/Current frequency,0.03466,73.43728
2026-09-04T15:06:59.389673,sensor/Current frequency,0.03485,68.49288
2026-09-04T15:06:59.441838,sensor/Current frequency,0.03549,78.40664
2026-09-04T15:06:59.493768,sensor/Current frequency,0.03627,71.29814
2026-09-04T15:06:59.552616,sensor/Current frequency,0.036707,68.0649
2026-09-04T15:06:59.601023,sensor/Current frequency,0.037422,74.39423
2026-09-04T15:06:59.655061,sensor/Current frequency,0.037627,70.01024
2026-09-04T15:06:59.711007,sensor/Current frequency,0.038355,67.49209
2026-09-04T15:06:59.764038,sensor/Current frequency,0.038929,69.03319
2026-09-04T15:06:59.816815,sensor/Current frequency,0.039171,71.73735
2026-09-04T15:06:59.867138,sensor/Current frequency,0.039581,74.61118
2026-09-04T15:06:59.924130,sensor/Current frequency,0.039939,69.89408
2026-09-04T15:06:59.971460,sensor/Current frequency,0.040594,71.90104
2026-09-04T15:07:00.031385,sensor/Current frequency,0.041285,71.82563
2026-09-04T15:07:00.078264,sensor/Current frequency,0.041619,71.68935
2026-09-04T15:07:00.130099,sensor/Current frequency,0.042725,73.35168
2026-09-04T15:07:00.198488,sensor/Current frequency,0.043331,70.4718
2026-09-04T15:07:00.241260,sensor/Current frequency,0.044641,71.54767
2026-09-04T15:07:00.299690,sensor/Current frequency,0.045061,68.34535
2026-09-04T15:07:00.361040,sensor/Current frequency,0.046027,73.515
2026-09-04T15:07:00.399383,sensor/Current frequency,0.047038,69.2942
2026-09-04T15:07:00.450042,sensor/Current frequency,0.047706,72.33746
2026-09-04T15:07:00.506140,sensor/Current frequency,0.048678,75.16953
2026-09-04T15:07:00.564972,sensor/Current frequency,0.048965,73.39251
2026-09-04T15:07:00.611692,sensor/Current frequency,0.049252,70.80984
2026-09-04T15:07:00.669665,sensor/Current frequency,0.049656,73.50985
2026-09-04T15:07:00.722980,sensor/Current frequency,0.049859,73.1417
